{"metrics":{"http_req_blocked":{"contains":"time","values":{"avg":21.942130999998714,"min":0.001,"med":0.005,"max":1342.65,"p(90)":0.011,"p(95)":0.032},"type":"trend"},"http_req_duration":{"type":"trend","contains":"time","values":{"p(95)":237.3142500000001,"avg":180.44069983333273,"min":147.244,"med":166.086,"max":538.483,"p(90)":195.77460000000002},"thresholds":{"p(80)<400":{"ok":true}}},"http_req_receiving":{"type":"trend","contains":"time","values":{"med":0.082,"max":26.993,"p(90)":1.3271000000000004,"p(95)":2.2629500000000036,"avg":0.48522066666666586,"min":0.015}},"data_sent":{"type":"counter","contains":"data","values":{"rate":5444.73744625294,"count":528000}},"http_req_connecting":{"type":"trend","contains":"time","values":{"max":1315.868,"p(90)":0,"p(95)":0,"avg":21.064079666666657,"min":0,"med":0}},"http_req_tls_handshaking":{"type":"trend","contains":"time","values":{"p(90)":0,"p(95)":0,"avg":0,"min":0,"med":0,"max":0}},"data_received":{"contains":"data","values":{"rate":43991.00368506636,"count":4266000},"type":"counter"},"http_req_waiting":{"type":"trend","contains":"time","values":{"med":165.48149999999998,"max":538.424,"p(90)":195.3029,"p(95)":236.90860000000004,"avg":179.92146750000035,"min":146.208}},"checks":{"type":"rate","contains":"default","values":{"rate":1,"passes":6000,"fails":0}},"iterations":{"type":"counter","contains":"default","values":{"count":6000,"rate":61.87201643469249}},"vus":{"type":"gauge","contains":"default","values":{"value":75,"min":75,"max":200}},"http_req_duration{expected_response:true}":{"type":"trend","contains":"time","values":{"p(95)":237.3142500000001,"avg":180.44069983333273,"min":147.244,"med":166.086,"max":538.483,"p(90)":195.77460000000002}},"http_req_failed":{"type":"rate","contains":"default","values":{"fails":6000,"rate":0,"passes":0}},"http_reqs":{"type":"counter","contains":"default","values":{"count":6000,"rate":61.87201643469249}},"http_req_sending":{"type":"trend","contains":"time","values":{"max":1.688,"p(90)":0.053,"p(95)":0.098,"avg":0.03401166666666581,"min":0.006,"med":0.021}},"vus_max":{"type":"gauge","contains":"default","values":{"value":200,"min":200,"max":200}},"iteration_duration":{"values":{"avg":3203.375907034832,"min":3148.306067,"med":3166.9989324999997,"max":4514.726251,"p(90)":3221.1691087,"p(95)":3425.2860428000004},"type":"trend","contains":"time"}},"root_group":{"id":"d41d8cd98f00b204e9800998ecf8427e","groups":[],"checks":[{"name":"status is 200","path":"::status is 200","id":"6210a8cd14cd70477eba5c5e4cb3fb5f","passes":6000,"fails":0}],"name":"","path":""},"options":{"summaryTrendStats":["avg","min","med","max","p(90)","p(95)"],"summaryTimeUnit":""}}